order_code,create_time,platform,shop_name,receiving_address,payment_price,order_source
SO100001,2026-01-01 08:00:00,京东,示例数码旗舰店,广东省深圳市福田区华强北街道示例路1号示例大厦,236.00,1
SO100002,2026-02-06 09:07:00,天猫,示例手机专营店,北京市朝阳区望京街道示例大街6号院,274.00,2
SO100003,2026-03-11 10:14:00,拼多多,示例自营店,广东省深圳市福田区华强北街道示例路1号示例大厦,312.00,4
SO100004,2026-04-16 11:21:00,淘宝网,示例数码专营店,上海市浦东新区张江镇示例路88号示例科技园,192.00,1
SO100005,2026-05-21 12:28:00,抖音,示例数码旗舰店,广东省广州市天河区示例街道示例路12号示例广场,432.00,3
SO100006,2026-06-26 13:35:00,拼多多,示例手机专营店,浙江省杭州市西湖区示例路50号示例大厦2单元1801,361.00,2
SO100007,2026-07-03 14:42:00,京东,示例自营店,江苏省南京市玄武区示例路4号（示例电视台）,518.00,1
SO100008,2026-08-08 15:49:00,天猫,示例数码专营店,四川省成都市武侯区示例街99号示例中心A座,268.00,5
SO100009,2026-09-13 16:56:00,淘宝网,示例数码旗舰店,湖北省武汉市汉阳区示例路126号，放到门口，示例文体附近,200.00,2
SO100010,2026-01-18 17:03:00,京东,示例手机专营店,陕西省西安市雁塔区示例大道1号示例广场,647.00,1
SO100011,2026-02-23 18:10:00,拼多多,示例自营店,福建省福州市鼓楼区示例街18号示例小区3栋1601,321.00,4
SO100012,2026-03-28 19:17:00,抖音,示例数码专营店,山东省青岛市市南区示例路7号（示例门卫室）,160.00,3
SO100013,2026-04-05 08:24:00,京东,示例数码旗舰店,广东省深圳市福田区华强北街道示例路1号示例大厦,241.00,1
SO100014,2026-05-10 09:31:00,天猫,示例手机专营店,北京市朝阳区望京街道示例大街6号院,279.00,2
SO100015,2026-06-15 10:38:00,拼多多,示例自营店,广东省深圳市福田区华强北街道示例路1号示例大厦,310.00,4
SO100016,2026-07-20 11:45:00,淘宝网,示例数码专营店,上海市浦东新区张江镇示例路88号示例科技园,190.00,1
SO100017,2026-08-25 12:52:00,抖音,示例数码旗舰店,广东省广州市天河区示例街道示例路12号示例广场,430.00,3
SO100018,2026-09-02 13:59:00,拼多多,示例手机专营店,浙江省杭州市西湖区示例路50号示例大厦2单元1801,359.00,2
SO100019,2026-01-07 14:06:00,京东,示例自营店,江苏省南京市玄武区示例路4号（示例电视台）,516.00,1
SO100020,2026-02-12 15:13:00,天猫,示例数码专营店,四川省成都市武侯区示例街99号示例中心A座,273.00,5
SO100021,2026-03-17 16:20:00,淘宝网,示例数码旗舰店,湖北省武汉市汉阳区示例路126号，放到门口，示例文体附近,205.00,2
SO100022,2026-04-22 17:27:00,京东,示例手机专营店,陕西省西安市雁塔区示例大道1号示例广场,645.00,1
SO100023,2026-05-27 18:34:00,拼多多,示例自营店,福建省福州市鼓楼区示例街18号示例小区3栋1601,319.00,4
SO100024,2026-06-04 19:41:00,抖音,示例数码专营店,山东省青岛市市南区示例路7号（示例门卫室）,158.00,3
SO100025,2026-07-09 08:48:00,京东,示例数码旗舰店,广东省深圳市福田区华强北街道示例路1号示例大厦,239.00,1
SO100026,2026-08-14 09:55:00,天猫,示例手机专营店,北京市朝阳区望京街道示例大街6号院,277.00,2
SO100027,2026-09-19 10:02:00,拼多多,示例自营店,广东省深圳市福田区华强北街道示例路1号示例大厦,315.00,4
SO100028,2026-01-24 11:09:00,淘宝网,示例数码专营店,上海市浦东新区张江镇示例路88号示例科技园,195.00,1
SO100029,2026-02-01 12:16:00,抖音,示例数码旗舰店,广东省广州市天河区示例街道示例路12号示例广场,428.00,3
SO100030,2026-03-06 13:23:00,拼多多,示例手机专营店,浙江省杭州市西湖区示例路50号示例大厦2单元1801,357.00,2
SO100031,2026-04-11 14:30:00,京东,示例自营店,江苏省南京市玄武区示例路4号（示例电视台）,514.00,1
SO100032,2026-05-16 15:37:00,天猫,示例数码专营店,四川省成都市武侯区示例街99号示例中心A座,271.00,5
SO100033,2026-06-21 16:44:00,淘宝网,示例数码旗舰店,湖北省武汉市汉阳区示例路126号，放到门口，示例文体附近,203.00,2
SO100034,2026-07-26 17:51:00,京东,示例手机专营店,陕西省西安市雁塔区示例大道1号示例广场,650.00,1
SO100035,2026-08-03 18:58:00,拼多多,示例自营店,福建省福州市鼓楼区示例街18号示例小区3栋1601,324.00,4
SO100036,2026-09-08 19:05:00,抖音,示例数码专营店,山东省青岛市市南区示例路7号（示例门卫室）,156.00,3
SO100037,2026-01-13 08:12:00,京东,示例数码旗舰店,广东省深圳市福田区华强北街道示例路1号示例大厦,237.00,1
SO100038,2026-02-18 09:19:00,天猫,示例手机专营店,北京市朝阳区望京街道示例大街6号院,275.00,2
SO100039,2026-03-23 10:26:00,拼多多,示例自营店,广东省深圳市福田区华强北街道示例路1号示例大厦,313.00,4
SO100040,2026-04-28 11:33:00,淘宝网,示例数码专营店,上海市浦东新区张江镇示例路88号示例科技园,193.00,1
SO100041,2026-05-05 12:40:00,抖音,示例数码旗舰店,广东省广州市天河区示例街道示例路12号示例广场,433.00,3
SO100042,2026-06-10 13:47:00,拼多多,示例手机专营店,浙江省杭州市西湖区示例路50号示例大厦2单元1801,362.00,2
SO100043,2026-07-15 14:54:00,京东,示例自营店,江苏省南京市玄武区示例路4号（示例电视台）,512.00,1
SO100044,2026-08-20 15:01:00,天猫,示例数码专营店,四川省成都市武侯区示例街99号示例中心A座,269.00,5
SO100045,2026-09-25 16:08:00,淘宝网,示例数码旗舰店,湖北省武汉市汉阳区示例路126号，放到门口，示例文体附近,201.00,2
SO100046,2026-01-02 17:15:00,京东,示例手机专营店,陕西省西安市雁塔区示例大道1号示例广场,648.00,1
SO100047,2026-02-07 18:22:00,拼多多,示例自营店,福建省福州市鼓楼区示例街18号示例小区3栋1601,322.00,4
SO100048,2026-03-12 19:29:00,抖音,示例数码专营店,山东省青岛市市南区示例路7号（示例门卫室）,161.00,3
SO100049,2026-04-17 08:36:00,京东,示例数码旗舰店,广东省深圳市福田区华强北街道示例路1号示例大厦,242.00,1
SO100050,2026-05-22 09:43:00,天猫,示例手机专营店,北京市朝阳区望京街道示例大街6号院,273.00,2
SO100051,2026-06-27 10:50:00,拼多多,示例自营店,广东省深圳市福田区华强北街道示例路1号示例大厦,311.00,4
SO100052,2026-07-04 11:57:00,淘宝网,示例数码专营店,上海市浦东新区张江镇示例路88号示例科技园,191.00,1
SO100053,2026-08-09 12:04:00,抖音,示例数码旗舰店,广东省广州市天河区示例街道示例路12号示例广场,431.00,3
SO100054,2026-09-14 13:11:00,拼多多,示例手机专营店,浙江省杭州市西湖区示例路50号示例大厦2单元1801,360.00,2
SO100055,2026-01-19 14:18:00,京东,示例自营店,江苏省南京市玄武区示例路4号（示例电视台）,517.00,1
SO100056,2026-02-24 15:25:00,天猫,示例数码专营店,四川省成都市武侯区示例街99号示例中心A座,274.00,5
SO100057,2026-03-01 16:32:00,淘宝网,示例数码旗舰店,湖北省武汉市汉阳区示例路126号，放到门口，示例文体附近,199.00,2
SO100058,2026-04-06 17:39:00,京东,示例手机专营店,陕西省西安市雁塔区示例大道1号示例广场,646.00,1
SO100059,2026-05-11 18:46:00,拼多多,示例自营店,福建省福州市鼓楼区示例街18号示例小区3栋1601,320.00,4
SO100060,2026-06-16 19:53:00,抖音,示例数码专营店,山东省青岛市市南区示例路7号（示例门卫室）,159.00,3
SO100061,2026-07-21 08:00:00,京东,示例数码旗舰店,广东省深圳市福田区华强北街道示例路1号示例大厦,240.00,1
SO100062,2026-08-26 09:07:00,天猫,示例手机专营店,北京市朝阳区望京街道示例大街6号院,278.00,2
SO100063,2026-09-03 10:14:00,拼多多,示例自营店,广东省深圳市福田区华强北街道示例路1号示例大厦,316.00,4
SO100064,2026-01-08 11:21:00,淘宝网,示例数码专营店,上海市浦东新区张江镇示例路88号示例科技园,189.00,1
SO100065,2026-02-13 12:28:00,抖音,示例数码旗舰店,广东省广州市天河区示例街道示例路12号示例广场,429.00,3
SO100066,2026-03-18 13:35:00,拼多多,示例手机专营店,浙江省杭州市西湖区示例路50号示例大厦2单元1801,358.00,2
SO100067,2026-04-23 14:42:00,京东,示例自营店,江苏省南京市玄武区示例路4号（示例电视台）,515.00,1
SO100068,2026-05-28 15:49:00,天猫,示例数码专营店,四川省成都市武侯区示例街99号示例中心A座,272.00,5
SO100069,2026-06-05 16:56:00,淘宝网,示例数码旗舰店,湖北省武汉市汉阳区示例路126号，放到门口，示例文体附近,204.00,2
SO100070,2026-07-10 17:03:00,京东,示例手机专营店,陕西省西安市雁塔区示例大道1号示例广场,651.00,1
SO100071,2026-08-15 18:10:00,拼多多,示例自营店,福建省福州市鼓楼区示例街18号示例小区3栋1601,318.00,4
SO100072,2026-09-20 19:17:00,抖音,示例数码专营店,山东省青岛市市南区示例路7号（示例门卫室）,157.00,3
SO100073,2026-01-25 08:24:00,京东,示例数码旗舰店,广东省深圳市福田区华强北街道示例路1号示例大厦,238.00,1
SO100074,2026-02-02 09:31:00,天猫,示例手机专营店,北京市朝阳区望京街道示例大街6号院,276.00,2
SO100075,2026-03-07 10:38:00,拼多多,示例自营店,广东省深圳市福田区华强北街道示例路1号示例大厦,314.00,4
SO100076,2026-04-12 11:45:00,淘宝网,示例数码专营店,上海市浦东新区张江镇示例路88号示例科技园,194.00,1
SO100077,2026-05-17 12:52:00,抖音,示例数码旗舰店,广东省广州市天河区示例街道示例路12号示例广场,434.00,3
SO100078,2026-06-22 13:59:00,拼多多,示例手机专营店,浙江省杭州市西湖区示例路50号示例大厦2单元1801,356.00,2
SO100079,2026-07-27 14:06:00,京东,示例自营店,江苏省南京市玄武区示例路4号（示例电视台）,513.00,1
SO100080,2026-08-04 15:13:00,天猫,示例数码专营店,四川省成都市武侯区示例街99号示例中心A座,270.00,5
SO100081,2026-09-09 16:20:00,淘宝网,示例数码旗舰店,湖北省武汉市汉阳区示例路126号，放到门口，示例文体附近,202.00,2
SO100082,2026-01-14 17:27:00,京东,示例手机专营店,陕西省西安市雁塔区示例大道1号示例广场,649.00,1
SO100083,2026-02-19 18:34:00,拼多多,示例自营店,福建省福州市鼓楼区示例街18号示例小区3栋1601,323.00,4
SO100084,2026-03-24 19:41:00,抖音,示例数码专营店,山东省青岛市市南区示例路7号（示例门卫室）,162.00,3
SO100085,2026-04-01 08:48:00,京东,示例数码旗舰店,广东省深圳市福田区华强北街道示例路1号示例大厦,236.00,1
SO100086,2026-05-06 09:55:00,天猫,示例手机专营店,北京市朝阳区望京街道示例大街6号院,274.00,2
SO100087,2026-06-11 10:02:00,拼多多,示例自营店,广东省深圳市福田区华强北街道示例路1号示例大厦,312.00,4
SO100088,2026-07-16 11:09:00,淘宝网,示例数码专营店,上海市浦东新区张江镇示例路88号示例科技园,192.00,1
SO100089,2026-08-21 12:16:00,抖音,示例数码旗舰店,广东省广州市天河区示例街道示例路12号示例广场,432.00,3
SO100090,2026-09-26 13:23:00,拼多多,示例手机专营店,浙江省杭州市西湖区示例路50号示例大厦2单元1801,361.00,2
SO100091,2026-01-03 14:30:00,京东,示例自营店,江苏省南京市玄武区示例路4号（示例电视台）,518.00,1
SO100092,2026-02-08 15:37:00,天猫,示例数码专营店,四川省成都市武侯区示例街99号示例中心A座,268.00,5
SO100093,2026-03-13 16:44:00,淘宝网,示例数码旗舰店,湖北省武汉市汉阳区示例路126号，放到门口，示例文体附近,200.00,2
SO100094,2026-04-18 17:51:00,京东,示例手机专营店,陕西省西安市雁塔区示例大道1号示例广场,647.00,1
SO100095,2026-05-23 18:58:00,拼多多,示例自营店,福建省福州市鼓楼区示例街18号示例小区3栋1601,321.00,4
SO100096,2026-06-28 19:05:00,抖音,示例数码专营店,山东省青岛市市南区示例路7号（示例门卫室）,160.00,3
SO100097,2026-07-05 08:12:00,京东,示例数码旗舰店,广东省深圳市福田区华强北街道示例路1号示例大厦,241.00,1
SO100098,2026-08-10 09:19:00,天猫,示例手机专营店,北京市朝阳区望京街道示例大街6号院,279.00,2
SO100099,2026-09-15 10:26:00,拼多多,示例自营店,广东省深圳市福田区华强北街道示例路1号示例大厦,310.00,4
SO100100,2026-01-20 11:33:00,淘宝网,示例数码专营店,上海市浦东新区张江镇示例路88号示例科技园,190.00,1
SO100101,2026-02-25 12:40:00,抖音,示例数码旗舰店,广东省广州市天河区示例街道示例路12号示例广场,430.00,3
SO100102,2026-03-02 13:47:00,拼多多,示例手机专营店,浙江省杭州市西湖区示例路50号示例大厦2单元1801,359.00,2
SO100103,2026-04-07 14:54:00,京东,示例自营店,江苏省南京市玄武区示例路4号（示例电视台）,516.00,1
SO100104,2026-05-12 15:01:00,天猫,示例数码专营店,四川省成都市武侯区示例街99号示例中心A座,273.00,5
SO100105,2026-06-17 16:08:00,淘宝网,示例数码旗舰店,湖北省武汉市汉阳区示例路126号，放到门口，示例文体附近,205.00,2
SO100106,2026-07-22 17:15:00,京东,示例手机专营店,陕西省西安市雁塔区示例大道1号示例广场,645.00,1
SO100107,2026-08-27 18:22:00,拼多多,示例自营店,福建省福州市鼓楼区示例街18号示例小区3栋1601,319.00,4
SO100108,2026-09-04 19:29:00,抖音,示例数码专营店,山东省青岛市市南区示例路7号（示例门卫室）,158.00,3
SO100109,2026-01-09 08:36:00,京东,示例数码旗舰店,广东省深圳市福田区华强北街道示例路1号示例大厦,239.00,1
SO100110,2026-02-14 09:43:00,天猫,示例手机专营店,北京市朝阳区望京街道示例大街6号院,277.00,2
SO100111,2026-03-19 10:50:00,拼多多,示例自营店,广东省深圳市福田区华强北街道示例路1号示例大厦,315.00,4
SO100112,2026-04-24 11:57:00,淘宝网,示例数码专营店,上海市浦东新区张江镇示例路88号示例科技园,195.00,1
SO100113,2026-05-01 12:04:00,抖音,示例数码旗舰店,广东省广州市天河区示例街道示例路12号示例广场,428.00,3
SO100114,2026-06-06 13:11:00,拼多多,示例手机专营店,浙江省杭州市西湖区示例路50号示例大厦2单元1801,357.00,2
SO100115,2026-07-11 14:18:00,京东,示例自营店,江苏省南京市玄武区示例路4号（示例电视台）,514.00,1
SO100116,2026-08-16 15:25:00,天猫,示例数码专营店,四川省成都市武侯区示例街99号示例中心A座,271.00,5
SO100117,2026-09-21 16:32:00,淘宝网,示例数码旗舰店,湖北省武汉市汉阳区示例路126号，放到门口，示例文体附近,203.00,2
SO100118,2026-01-26 17:39:00,京东,示例手机专营店,陕西省西安市雁塔区示例大道1号示例广场,650.00,1
SO100119,2026-02-03 18:46:00,拼多多,示例自营店,福建省福州市鼓楼区示例街18号示例小区3栋1601,324.00,4
SO100120,2026-03-08 19:53:00,抖音,示例数码专营店,山东省青岛市市南区示例路7号（示例门卫室）,156.00,3
SO100121,2026-04-13 08:00:00,京东,示例数码旗舰店,广东省深圳市福田区华强北街道示例路1号示例大厦,237.00,1
SO100122,2026-05-18 09:07:00,天猫,示例手机专营店,北京市朝阳区望京街道示例大街6号院,275.00,2
SO100123,2026-06-23 10:14:00,拼多多,示例自营店,广东省深圳市福田区华强北街道示例路1号示例大厦,313.00,4
SO100124,2026-07-28 11:21:00,淘宝网,示例数码专营店,上海市浦东新区张江镇示例路88号示例科技园,193.00,1
SO100125,2026-08-05 12:28:00,抖音,示例数码旗舰店,广东省广州市天河区示例街道示例路12号示例广场,433.00,3
SO100126,2026-09-10 13:35:00,拼多多,示例手机专营店,浙江省杭州市西湖区示例路50号示例大厦2单元1801,362.00,2
SO100127,2026-01-15 14:42:00,京东,示例自营店,江苏省南京市玄武区示例路4号（示例电视台）,512.00,1
SO100128,2026-02-20 15:49:00,天猫,示例数码专营店,四川省成都市武侯区示例街99号示例中心A座,269.00,5
SO100129,2026-03-25 16:56:00,淘宝网,示例数码旗舰店,湖北省武汉市汉阳区示例路126号，放到门口，示例文体附近,201.00,2
SO100130,2026-04-02 17:03:00,京东,示例手机专营店,陕西省西安市雁塔区示例大道1号示例广场,648.00,1
SO100131,2026-05-07 18:10:00,拼多多,示例自营店,福建省福州市鼓楼区示例街18号示例小区3栋1601,322.00,4
SO100132,2026-06-12 19:17:00,抖音,示例数码专营店,山东省青岛市市南区示例路7号（示例门卫室）,161.00,3
SO100133,2026-07-17 08:24:00,京东,示例数码旗舰店,广东省深圳市福田区华强北街道示例路1号示例大厦,242.00,1
SO100134,2026-08-22 09:31:00,天猫,示例手机专营店,北京市朝阳区望京街道示例大街6号院,273.00,2
SO100135,2026-09-27 10:38:00,拼多多,示例自营店,广东省深圳市福田区华强北街道示例路1号示例大厦,311.00,4
SO100136,2026-01-04 11:45:00,淘宝网,示例数码专营店,上海市浦东新区张江镇示例路88号示例科技园,191.00,1
SO100137,2026-02-09 12:52:00,抖音,示例数码旗舰店,广东省广州市天河区示例街道示例路12号示例广场,431.00,3
SO100138,2026-03-14 13:59:00,拼多多,示例手机专营店,浙江省杭州市西湖区示例路50号示例大厦2单元1801,360.00,2
SO100139,2026-04-19 14:06:00,京东,示例自营店,江苏省南京市玄武区示例路4号（示例电视台）,517.00,1
SO100140,2026-05-24 15:13:00,天猫,示例数码专营店,四川省成都市武侯区示例街99号示例中心A座,274.00,5
SO100141,2026-06-01 16:20:00,淘宝网,示例数码旗舰店,湖北省武汉市汉阳区示例路126号，放到门口，示例文体附近,199.00,2
SO100142,2026-07-06 17:27:00,京东,示例手机专营店,陕西省西安市雁塔区示例大道1号示例广场,646.00,1
SO100143,2026-08-11 18:34:00,拼多多,示例自营店,福建省福州市鼓楼区示例街18号示例小区3栋1601,320.00,4
SO100144,2026-09-16 19:41:00,抖音,示例数码专营店,山东省青岛市市南区示例路7号（示例门卫室）,159.00,3
SO100145,2026-01-21 08:48:00,京东,示例数码旗舰店,广东省深圳市福田区华强北街道示例路1号示例大厦,240.00,1
SO100146,2026-02-26 09:55:00,天猫,示例手机专营店,北京市朝阳区望京街道示例大街6号院,278.00,2
SO100147,2026-03-03 10:02:00,拼多多,示例自营店,广东省深圳市福田区华强北街道示例路1号示例大厦,316.00,4
SO100148,2026-04-08 11:09:00,淘宝网,示例数码专营店,上海市浦东新区张江镇示例路88号示例科技园,189.00,1
SO100149,2026-05-13 12:16:00,抖音,示例数码旗舰店,广东省广州市天河区示例街道示例路12号示例广场,429.00,3
SO100150,2026-06-18 13:23:00,拼多多,示例手机专营店,浙江省杭州市西湖区示例路50号示例大厦2单元1801,358.00,2
SO100151,2026-07-23 14:30:00,京东,示例自营店,江苏省南京市玄武区示例路4号（示例电视台）,515.00,1
SO100152,2026-08-28 15:37:00,天猫,示例数码专营店,四川省成都市武侯区示例街99号示例中心A座,272.00,5
SO100153,2026-09-05 16:44:00,淘宝网,示例数码旗舰店,湖北省武汉市汉阳区示例路126号，放到门口，示例文体附近,204.00,2
SO100154,2026-01-10 17:51:00,京东,示例手机专营店,陕西省西安市雁塔区示例大道1号示例广场,651.00,1
SO100155,2026-02-15 18:58:00,拼多多,示例自营店,福建省福州市鼓楼区示例街18号示例小区3栋1601,318.00,4
SO100156,2026-03-20 19:05:00,抖音,示例数码专营店,山东省青岛市市南区示例路7号（示例门卫室）,157.00,3
SO100157,2026-04-25 08:12:00,京东,示例数码旗舰店,广东省深圳市福田区华强北街道示例路1号示例大厦,238.00,1
SO100158,2026-05-02 09:19:00,天猫,示例手机专营店,北京市朝阳区望京街道示例大街6号院,276.00,2
SO100159,2026-06-07 10:26:00,拼多多,示例自营店,广东省深圳市福田区华强北街道示例路1号示例大厦,314.00,4
SO100160,2026-07-12 11:33:00,淘宝网,示例数码专营店,上海市浦东新区张江镇示例路88号示例科技园,194.00,1
SO100161,2026-08-17 12:40:00,抖音,示例数码旗舰店,广东省广州市天河区示例街道示例路12号示例广场,434.00,3
SO100162,2026-09-22 13:47:00,拼多多,示例手机专营店,浙江省杭州市西湖区示例路50号示例大厦2单元1801,356.00,2
SO100163,2026-01-27 14:54:00,京东,示例自营店,江苏省南京市玄武区示例路4号（示例电视台）,513.00,1
SO100164,2026-02-04 15:01:00,天猫,示例数码专营店,四川省成都市武侯区示例街99号示例中心A座,270.00,5
SO100165,2026-03-09 16:08:00,淘宝网,示例数码旗舰店,湖北省武汉市汉阳区示例路126号，放到门口，示例文体附近,202.00,2
SO100166,2026-04-14 17:15:00,京东,示例手机专营店,陕西省西安市雁塔区示例大道1号示例广场,649.00,1
SO100167,2026-05-19 18:22:00,拼多多,示例自营店,福建省福州市鼓楼区示例街18号示例小区3栋1601,323.00,4
SO100168,2026-06-24 19:29:00,抖音,示例数码专营店,山东省青岛市市南区示例路7号（示例门卫室）,162.00,3
SO100169,2026-07-01 08:36:00,京东,示例数码旗舰店,广东省深圳市福田区华强北街道示例路1号示例大厦,236.00,1
SO100170,2026-08-06 09:43:00,天猫,示例手机专营店,北京市朝阳区望京街道示例大街6号院,274.00,2
SO100171,2026-09-11 10:50:00,拼多多,示例自营店,广东省深圳市福田区华强北街道示例路1号示例大厦,312.00,4
SO100172,2026-01-16 11:57:00,淘宝网,示例数码专营店,上海市浦东新区张江镇示例路88号示例科技园,192.00,1
SO100173,2026-02-21 12:04:00,抖音,示例数码旗舰店,广东省广州市天河区示例街道示例路12号示例广场,432.00,3
SO100174,2026-03-26 13:11:00,拼多多,示例手机专营店,浙江省杭州市西湖区示例路50号示例大厦2单元1801,361.00,2
SO100175,2026-04-03 14:18:00,京东,示例自营店,江苏省南京市玄武区示例路4号（示例电视台）,518.00,1
SO100176,2026-05-08 15:25:00,天猫,示例数码专营店,四川省成都市武侯区示例街99号示例中心A座,268.00,5
SO100177,2026-06-13 16:32:00,淘宝网,示例数码旗舰店,湖北省武汉市汉阳区示例路126号，放到门口，示例文体附近,200.00,2
SO100178,2026-07-18 17:39:00,京东,示例手机专营店,陕西省西安市雁塔区示例大道1号示例广场,647.00,1
SO100179,2026-08-23 18:46:00,拼多多,示例自营店,福建省福州市鼓楼区示例街18号示例小区3栋1601,321.00,4
SO100180,2026-09-28 19:53:00,抖音,示例数码专营店,山东省青岛市市南区示例路7号（示例门卫室）,160.00,3
SO100181,2026-01-05 08:00:00,京东,示例数码旗舰店,广东省深圳市福田区华强北街道示例路1号示例大厦,241.00,1
SO100182,2026-02-10 09:07:00,天猫,示例手机专营店,北京市朝阳区望京街道示例大街6号院,279.00,2
SO100183,2026-03-15 10:14:00,拼多多,示例自营店,广东省深圳市福田区华强北街道示例路1号示例大厦,310.00,4
SO100184,2026-04-20 11:21:00,淘宝网,示例数码专营店,上海市浦东新区张江镇示例路88号示例科技园,190.00,1
SO100185,2026-05-25 12:28:00,抖音,示例数码旗舰店,广东省广州市天河区示例街道示例路12号示例广场,430.00,3
SO100186,2026-06-02 13:35:00,拼多多,示例手机专营店,浙江省杭州市西湖区示例路50号示例大厦2单元1801,359.00,2
SO100187,2026-07-07 14:42:00,京东,示例自营店,江苏省南京市玄武区示例路4号（示例电视台）,516.00,1
SO100188,2026-08-12 15:49:00,天猫,示例数码专营店,四川省成都市武侯区示例街99号示例中心A座,273.00,5
SO100189,2026-09-17 16:56:00,淘宝网,示例数码旗舰店,湖北省武汉市汉阳区示例路126号，放到门口，示例文体附近,205.00,2
SO100190,2026-01-22 17:03:00,京东,示例手机专营店,陕西省西安市雁塔区示例大道1号示例广场,645.00,1
SO100191,2026-02-27 18:10:00,拼多多,示例自营店,福建省福州市鼓楼区示例街18号示例小区3栋1601,319.00,4
SO100192,2026-03-04 19:17:00,抖音,示例数码专营店,山东省青岛市市南区示例路7号（示例门卫室）,158.00,3
SO100193,2026-04-09 08:24:00,京东,示例数码旗舰店,广东省深圳市福田区华强北街道示例路1号示例大厦,239.00,1
SO100194,2026-05-14 09:31:00,天猫,示例手机专营店,北京市朝阳区望京街道示例大街6号院,277.00,2
SO100195,2026-06-19 10:38:00,拼多多,示例自营店,广东省深圳市福田区华强北街道示例路1号示例大厦,315.00,4
SO100196,2026-07-24 11:45:00,淘宝网,示例数码专营店,上海市浦东新区张江镇示例路88号示例科技园,195.00,1
SO100197,2026-08-01 12:52:00,抖音,示例数码旗舰店,广东省广州市天河区示例街道示例路12号示例广场,428.00,3
SO100198,2026-09-06 13:59:00,拼多多,示例手机专营店,浙江省杭州市西湖区示例路50号示例大厦2单元1801,357.00,2
SO100199,2026-01-11 14:06:00,京东,示例自营店,江苏省南京市玄武区示例路4号（示例电视台）,514.00,1
SO100200,2026-02-16 15:13:00,天猫,示例数码专营店,四川省成都市武侯区示例街99号示例中心A座,271.00,5
SO100201,2026-03-21 16:20:00,淘宝网,示例数码旗舰店,湖北省武汉市汉阳区示例路126号，放到门口，示例文体附近,203.00,2
SO100202,2026-04-26 17:27:00,京东,示例手机专营店,陕西省西安市雁塔区示例大道1号示例广场,650.00,1
SO100203,2026-05-03 18:34:00,拼多多,示例自营店,福建省福州市鼓楼区示例街18号示例小区3栋1601,324.00,4
SO100204,2026-06-08 19:41:00,抖音,示例数码专营店,山东省青岛市市南区示例路7号（示例门卫室）,156.00,3
SO100205,2026-07-13 08:48:00,京东,示例数码旗舰店,广东省深圳市福田区华强北街道示例路1号示例大厦,237.00,1
SO100206,2026-08-18 09:55:00,天猫,示例手机专营店,北京市朝阳区望京街道示例大街6号院,275.00,2
SO100207,2026-09-23 10:02:00,拼多多,示例自营店,广东省深圳市福田区华强北街道示例路1号示例大厦,313.00,4
SO100208,2026-01-28 11:09:00,淘宝网,示例数码专营店,上海市浦东新区张江镇示例路88号示例科技园,193.00,1
SO100209,2026-02-05 12:16:00,抖音,示例数码旗舰店,广东省广州市天河区示例街道示例路12号示例广场,433.00,3
SO100210,2026-03-10 13:23:00,拼多多,示例手机专营店,浙江省杭州市西湖区示例路50号示例大厦2单元1801,362.00,2
SO100211,2026-04-15 14:30:00,京东,示例自营店,江苏省南京市玄武区示例路4号（示例电视台）,512.00,1
SO100212,2026-05-20 15:37:00,天猫,示例数码专营店,四川省成都市武侯区示例街99号示例中心A座,269.00,5
SO100213,2026-06-25 16:44:00,淘宝网,示例数码旗舰店,湖北省武汉市汉阳区示例路126号，放到门口，示例文体附近,201.00,2
SO100214,2026-07-02 17:51:00,京东,示例手机专营店,陕西省西安市雁塔区示例大道1号示例广场,648.00,1
SO100215,2026-08-07 18:58:00,拼多多,示例自营店,福建省福州市鼓楼区示例街18号示例小区3栋1601,322.00,4
SO100216,2026-09-12 19:05:00,抖音,示例数码专营店,山东省青岛市市南区示例路7号（示例门卫室）,161.00,3
SO100217,2026-01-17 08:12:00,京东,示例数码旗舰店,广东省深圳市福田区华强北街道示例路1号示例大厦,242.00,1
SO100218,2026-02-22 09:19:00,天猫,示例手机专营店,北京市朝阳区望京街道示例大街6号院,273.00,2
SO100219,2026-03-27 10:26:00,拼多多,示例自营店,广东省深圳市福田区华强北街道示例路1号示例大厦,311.00,4
SO100220,2026-04-04 11:33:00,淘宝网,示例数码专营店,上海市浦东新区张江镇示例路88号示例科技园,191.00,1
SO100221,2026-05-09 12:40:00,抖音,示例数码旗舰店,广东省广州市天河区示例街道示例路12号示例广场,431.00,3
SO100222,2026-06-14 13:47:00,拼多多,示例手机专营店,浙江省杭州市西湖区示例路50号示例大厦2单元1801,360.00,2
SO100223,2026-07-19 14:54:00,京东,示例自营店,江苏省南京市玄武区示例路4号（示例电视台）,517.00,1
SO100224,2026-08-24 15:01:00,天猫,示例数码专营店,四川省成都市武侯区示例街99号示例中心A座,274.00,5
SO100225,2026-09-01 16:08:00,淘宝网,示例数码旗舰店,湖北省武汉市汉阳区示例路126号，放到门口，示例文体附近,199.00,2
SO100226,2026-01-06 17:15:00,京东,示例手机专营店,陕西省西安市雁塔区示例大道1号示例广场,646.00,1
SO100227,2026-02-11 18:22:00,拼多多,示例自营店,福建省福州市鼓楼区示例街18号示例小区3栋1601,320.00,4
SO100228,2026-03-16 19:29:00,抖音,示例数码专营店,山东省青岛市市南区示例路7号（示例门卫室）,159.00,3
SO100229,2026-04-21 08:36:00,京东,示例数码旗舰店,广东省深圳市福田区华强北街道示例路1号示例大厦,240.00,1
SO100230,2026-05-26 09:43:00,天猫,示例手机专营店,北京市朝阳区望京街道示例大街6号院,278.00,2
SO100231,2026-06-03 10:50:00,拼多多,示例自营店,广东省深圳市福田区华强北街道示例路1号示例大厦,316.00,4
SO100232,2026-07-08 11:57:00,淘宝网,示例数码专营店,上海市浦东新区张江镇示例路88号示例科技园,189.00,1
SO100233,2026-08-13 12:04:00,抖音,示例数码旗舰店,广东省广州市天河区示例街道示例路12号示例广场,429.00,3
SO100234,2026-09-18 13:11:00,拼多多,示例手机专营店,浙江省杭州市西湖区示例路50号示例大厦2单元1801,358.00,2
SO100235,2026-01-23 14:18:00,京东,示例自营店,江苏省南京市玄武区示例路4号（示例电视台）,515.00,1
SO100236,2026-02-28 15:25:00,天猫,示例数码专营店,四川省成都市武侯区示例街99号示例中心A座,272.00,5
SO100237,2026-03-05 16:32:00,淘宝网,示例数码旗舰店,湖北省武汉市汉阳区示例路126号，放到门口，示例文体附近,204.00,2
SO100238,2026-04-10 17:39:00,京东,示例手机专营店,陕西省西安市雁塔区示例大道1号示例广场,651.00,1
SO100239,2026-05-15 18:46:00,拼多多,示例自营店,福建省福州市鼓楼区示例街18号示例小区3栋1601,318.00,4
SO100240,2026-06-20 19:53:00,抖音,示例数码专营店,山东省青岛市市南区示例路7号（示例门卫室）,157.00,3
SO100241,2026-07-25 08:00:00,京东,示例数码旗舰店,广东省深圳市福田区华强北街道示例路1号示例大厦,238.00,1
SO100242,2026-08-02 09:07:00,天猫,示例手机专营店,北京市朝阳区望京街道示例大街6号院,276.00,2
SO100243,2026-09-07 10:14:00,拼多多,示例自营店,广东省深圳市福田区华强北街道示例路1号示例大厦,314.00,4
SO100244,2026-01-12 11:21:00,淘宝网,示例数码专营店,上海市浦东新区张江镇示例路88号示例科技园,194.00,1
SO100245,2026-02-17 12:28:00,抖音,示例数码旗舰店,广东省广州市天河区示例街道示例路12号示例广场,434.00,3
SO100246,2026-03-22 13:35:00,拼多多,示例手机专营店,浙江省杭州市西湖区示例路50号示例大厦2单元1801,356.00,2
SO100247,2026-04-27 14:42:00,京东,示例自营店,江苏省南京市玄武区示例路4号（示例电视台）,513.00,1
SO100248,2026-05-04 15:49:00,天猫,示例数码专营店,四川省成都市武侯区示例街99号示例中心A座,270.00,5
SO100249,2026-06-09 16:56:00,淘宝网,示例数码旗舰店,湖北省武汉市汉阳区示例路126号，放到门口，示例文体附近,202.00,2
SO100250,2026-07-14 17:03:00,京东,示例手机专营店,陕西省西安市雁塔区示例大道1号示例广场,649.00,1
SO100251,2026-08-19 18:10:00,拼多多,示例自营店,福建省福州市鼓楼区示例街18号示例小区3栋1601,323.00,4
SO100252,2026-09-24 19:17:00,抖音,示例数码专营店,山东省青岛市市南区示例路7号（示例门卫室）,162.00,3
SO100253,2026-01-01 08:24:00,京东,示例数码旗舰店,广东省深圳市福田区华强北街道示例路1号示例大厦,236.00,1
SO100254,2026-02-06 09:31:00,天猫,示例手机专营店,北京市朝阳区望京街道示例大街6号院,274.00,2
SO100255,2026-03-11 10:38:00,拼多多,示例自营店,广东省深圳市福田区华强北街道示例路1号示例大厦,312.00,4
SO100256,2026-04-16 11:45:00,淘宝网,示例数码专营店,上海市浦东新区张江镇示例路88号示例科技园,192.00,1
SO100257,2026-05-21 12:52:00,抖音,示例数码旗舰店,广东省广州市天河区示例街道示例路12号示例广场,432.00,3
SO100258,2026-06-26 13:59:00,拼多多,示例手机专营店,浙江省杭州市西湖区示例路50号示例大厦2单元1801,361.00,2
SO100259,2026-07-03 14:06:00,京东,示例自营店,江苏省南京市玄武区示例路4号（示例电视台）,518.00,1
SO100260,2026-08-08 15:13:00,天猫,示例数码专营店,四川省成都市武侯区示例街99号示例中心A座,268.00,5
SO100261,2026-09-13 16:20:00,淘宝网,示例数码旗舰店,湖北省武汉市汉阳区示例路126号，放到门口，示例文体附近,200.00,2
SO100262,2026-01-18 17:27:00,京东,示例手机专营店,陕西省西安市雁塔区示例大道1号示例广场,647.00,1
SO100263,2026-02-23 18:34:00,拼多多,示例自营店,福建省福州市鼓楼区示例街18号示例小区3栋1601,321.00,4
SO100264,2026-03-28 19:41:00,抖音,示例数码专营店,山东省青岛市市南区示例路7号（示例门卫室）,160.00,3
SO100265,2026-04-05 08:48:00,京东,示例数码旗舰店,广东省深圳市福田区华强北街道示例路1号示例大厦,241.00,1
SO100266,2026-05-10 09:55:00,天猫,示例手机专营店,北京市朝阳区望京街道示例大街6号院,279.00,2
SO100267,2026-06-15 10:02:00,拼多多,示例自营店,广东省深圳市福田区华强北街道示例路1号示例大厦,310.00,4
SO100268,2026-07-20 11:09:00,淘宝网,示例数码专营店,上海市浦东新区张江镇示例路88号示例科技园,190.00,1
SO100269,2026-08-25 12:16:00,抖音,示例数码旗舰店,广东省广州市天河区示例街道示例路12号示例广场,430.00,3
SO100270,2026-09-02 13:23:00,拼多多,示例手机专营店,浙江省杭州市西湖区示例路50号示例大厦2单元1801,359.00,2
SO100271,2026-01-07 14:30:00,京东,示例自营店,江苏省南京市玄武区示例路4号（示例电视台）,516.00,1
SO100272,2026-02-12 15:37:00,天猫,示例数码专营店,四川省成都市武侯区示例街99号示例中心A座,273.00,5
SO100273,2026-03-17 16:44:00,淘宝网,示例数码旗舰店,湖北省武汉市汉阳区示例路126号，放到门口，示例文体附近,205.00,2
SO100274,2026-04-22 17:51:00,京东,示例手机专营店,陕西省西安市雁塔区示例大道1号示例广场,645.00,1
SO100275,2026-05-27 18:58:00,拼多多,示例自营店,福建省福州市鼓楼区示例街18号示例小区3栋1601,319.00,4
SO100276,2026-06-04 19:05:00,抖音,示例数码专营店,山东省青岛市市南区示例路7号（示例门卫室）,158.00,3
SO100277,2026-07-09 08:12:00,京东,示例数码旗舰店,广东省深圳市福田区华强北街道示例路1号示例大厦,239.00,1
SO100278,2026-08-14 09:19:00,天猫,示例手机专营店,北京市朝阳区望京街道示例大街6号院,277.00,2
SO100279,2026-09-19 10:26:00,拼多多,示例自营店,广东省深圳市福田区华强北街道示例路1号示例大厦,315.00,4
SO100280,2026-01-24 11:33:00,淘宝网,示例数码专营店,上海市浦东新区张江镇示例路88号示例科技园,195.00,1
SO100281,2026-02-01 12:40:00,抖音,示例数码旗舰店,广东省广州市天河区示例街道示例路12号示例广场,428.00,3
SO100282,2026-03-06 13:47:00,拼多多,示例手机专营店,浙江省杭州市西湖区示例路50号示例大厦2单元1801,357.00,2
SO100283,2026-04-11 14:54:00,京东,示例自营店,江苏省南京市玄武区示例路4号（示例电视台）,514.00,1
SO100284,2026-05-16 15:01:00,天猫,示例数码专营店,四川省成都市武侯区示例街99号示例中心A座,271.00,5
SO100285,2026-06-21 16:08:00,淘宝网,示例数码旗舰店,湖北省武汉市汉阳区示例路126号，放到门口，示例文体附近,203.00,2
SO100286,2026-07-26 17:15:00,京东,示例手机专营店,陕西省西安市雁塔区示例大道1号示例广场,650.00,1
SO100287,2026-08-03 18:22:00,拼多多,示例自营店,福建省福州市鼓楼区示例街18号示例小区3栋1601,324.00,4
SO100288,2026-09-08 19:29:00,抖音,示例数码专营店,山东省青岛市市南区示例路7号（示例门卫室）,156.00,3
SO100289,2026-01-13 08:36:00,京东,示例数码旗舰店,广东省深圳市福田区华强北街道示例路1号示例大厦,237.00,1
SO100290,2026-02-18 09:43:00,天猫,示例手机专营店,北京市朝阳区望京街道示例大街6号院,275.00,2
SO100291,2026-03-23 10:50:00,拼多多,示例自营店,广东省深圳市福田区华强北街道示例路1号示例大厦,313.00,4
SO100292,2026-04-28 11:57:00,淘宝网,示例数码专营店,上海市浦东新区张江镇示例路88号示例科技园,193.00,1
SO100293,2026-05-05 12:04:00,抖音,示例数码旗舰店,广东省广州市天河区示例街道示例路12号示例广场,433.00,3
SO100294,2026-06-10 13:11:00,拼多多,示例手机专营店,浙江省杭州市西湖区示例路50号示例大厦2单元1801,362.00,2
SO100295,2026-07-15 14:18:00,京东,示例自营店,江苏省南京市玄武区示例路4号（示例电视台）,512.00,1
SO100296,2026-08-20 15:25:00,天猫,示例数码专营店,四川省成都市武侯区示例街99号示例中心A座,269.00,5
SO100297,2026-09-25 16:32:00,淘宝网,示例数码旗舰店,湖北省武汉市汉阳区示例路126号，放到门口，示例文体附近,201.00,2
SO100298,2026-01-02 17:39:00,京东,示例手机专营店,陕西省西安市雁塔区示例大道1号示例广场,648.00,1
SO100299,2026-02-07 18:46:00,拼多多,示例自营店,福建省福州市鼓楼区示例街18号示例小区3栋1601,322.00,4
SO100300,2026-03-12 19:53:00,抖音,示例数码专营店,山东省青岛市市南区示例路7号（示例门卫室）,161.00,3
SO100301,2026-04-17 08:00:00,京东,示例数码旗舰店,广东省深圳市福田区华强北街道示例路1号示例大厦,242.00,1
SO100302,2026-05-22 09:07:00,天猫,示例手机专营店,北京市朝阳区望京街道示例大街6号院,273.00,2
SO100303,2026-06-27 10:14:00,拼多多,示例自营店,广东省深圳市福田区华强北街道示例路1号示例大厦,311.00,4
SO100304,2026-07-04 11:21:00,淘宝网,示例数码专营店,上海市浦东新区张江镇示例路88号示例科技园,191.00,1
SO100305,2026-08-09 12:28:00,抖音,示例数码旗舰店,广东省广州市天河区示例街道示例路12号示例广场,431.00,3
SO100306,2026-09-14 13:35:00,拼多多,示例手机专营店,浙江省杭州市西湖区示例路50号示例大厦2单元1801,360.00,2
SO100307,2026-01-19 14:42:00,京东,示例自营店,江苏省南京市玄武区示例路4号（示例电视台）,517.00,1
SO100308,2026-02-24 15:49:00,天猫,示例数码专营店,四川省成都市武侯区示例街99号示例中心A座,274.00,5
SO100309,2026-03-01 16:56:00,淘宝网,示例数码旗舰店,湖北省武汉市汉阳区示例路126号，放到门口，示例文体附近,199.00,2
SO100310,2026-04-06 17:03:00,京东,示例手机专营店,陕西省西安市雁塔区示例大道1号示例广场,646.00,1
SO100311,2026-05-11 18:10:00,拼多多,示例自营店,福建省福州市鼓楼区示例街18号示例小区3栋1601,320.00,4
SO100312,2026-06-16 19:17:00,抖音,示例数码专营店,山东省青岛市市南区示例路7号（示例门卫室）,159.00,3
SO100313,2026-07-21 08:24:00,京东,示例数码旗舰店,广东省深圳市福田区华强北街道示例路1号示例大厦,240.00,1
SO100314,2026-08-26 09:31:00,天猫,示例手机专营店,北京市朝阳区望京街道示例大街6号院,278.00,2
SO100315,2026-09-03 10:38:00,拼多多,示例自营店,广东省深圳市福田区华强北街道示例路1号示例大厦,316.00,4
SO100316,2026-01-08 11:45:00,淘宝网,示例数码专营店,上海市浦东新区张江镇示例路88号示例科技园,189.00,1
SO100317,2026-02-13 12:52:00,抖音,示例数码旗舰店,广东省广州市天河区示例街道示例路12号示例广场,429.00,3
SO100318,2026-03-18 13:59:00,拼多多,示例手机专营店,浙江省杭州市西湖区示例路50号示例大厦2单元1801,358.00,2
SO100319,2026-04-23 14:06:00,京东,示例自营店,江苏省南京市玄武区示例路4号（示例电视台）,515.00,1
SO100320,2026-05-28 15:13:00,天猫,示例数码专营店,四川省成都市武侯区示例街99号示例中心A座,272.00,5
SO100321,2026-06-05 16:20:00,淘宝网,示例数码旗舰店,湖北省武汉市汉阳区示例路126号，放到门口，示例文体附近,204.00,2
SO100322,2026-07-10 17:27:00,京东,示例手机专营店,陕西省西安市雁塔区示例大道1号示例广场,651.00,1
SO100323,2026-08-15 18:34:00,拼多多,示例自营店,福建省福州市鼓楼区示例街18号示例小区3栋1601,318.00,4
SO100324,2026-09-20 19:41:00,抖音,示例数码专营店,山东省青岛市市南区示例路7号（示例门卫室）,157.00,3
SO100325,2026-01-25 08:48:00,京东,示例数码旗舰店,广东省深圳市福田区华强北街道示例路1号示例大厦,238.00,1
SO100326,2026-02-02 09:55:00,天猫,示例手机专营店,北京市朝阳区望京街道示例大街6号院,276.00,2
SO100327,2026-03-07 10:02:00,拼多多,示例自营店,广东省深圳市福田区华强北街道示例路1号示例大厦,314.00,4
SO100328,2026-04-12 11:09:00,淘宝网,示例数码专营店,上海市浦东新区张江镇示例路88号示例科技园,194.00,1
SO100329,2026-05-17 12:16:00,抖音,示例数码旗舰店,广东省广州市天河区示例街道示例路12号示例广场,434.00,3
SO100330,2026-06-22 13:23:00,拼多多,示例手机专营店,浙江省杭州市西湖区示例路50号示例大厦2单元1801,356.00,2
SO100331,2026-07-27 14:30:00,京东,示例自营店,江苏省南京市玄武区示例路4号（示例电视台）,513.00,1
SO100332,2026-08-04 15:37:00,天猫,示例数码专营店,四川省成都市武侯区示例街99号示例中心A座,270.00,5
SO100333,2026-09-09 16:44:00,淘宝网,示例数码旗舰店,湖北省武汉市汉阳区示例路126号，放到门口，示例文体附近,202.00,2
SO100334,2026-01-14 17:51:00,京东,示例手机专营店,陕西省西安市雁塔区示例大道1号示例广场,649.00,1
SO100335,2026-02-19 18:58:00,拼多多,示例自营店,福建省福州市鼓楼区示例街18号示例小区3栋1601,323.00,4
SO100336,2026-03-24 19:05:00,抖音,示例数码专营店,山东省青岛市市南区示例路7号（示例门卫室）,162.00,3
SO100337,2026-04-01 08:12:00,京东,示例数码旗舰店,广东省深圳市福田区华强北街道示例路1号示例大厦,236.00,1
SO100338,2026-05-06 09:19:00,天猫,示例手机专营店,北京市朝阳区望京街道示例大街6号院,274.00,2
SO100339,2026-06-11 10:26:00,拼多多,示例自营店,广东省深圳市福田区华强北街道示例路1号示例大厦,312.00,4
SO100340,2026-07-16 11:33:00,淘宝网,示例数码专营店,上海市浦东新区张江镇示例路88号示例科技园,192.00,1
SO100341,2026-08-21 12:40:00,抖音,示例数码旗舰店,广东省广州市天河区示例街道示例路12号示例广场,432.00,3
SO100342,2026-09-26 13:47:00,拼多多,示例手机专营店,浙江省杭州市西湖区示例路50号示例大厦2单元1801,361.00,2
SO100343,2026-01-03 14:54:00,京东,示例自营店,江苏省南京市玄武区示例路4号（示例电视台）,518.00,1
SO100344,2026-02-08 15:01:00,天猫,示例数码专营店,四川省成都市武侯区示例街99号示例中心A座,268.00,5
SO100345,2026-03-13 16:08:00,淘宝网,示例数码旗舰店,湖北省武汉市汉阳区示例路126号，放到门口，示例文体附近,200.00,2
SO100346,2026-04-18 17:15:00,京东,示例手机专营店,陕西省西安市雁塔区示例大道1号示例广场,647.00,1
SO100347,2026-05-23 18:22:00,拼多多,示例自营店,福建省福州市鼓楼区示例街18号示例小区3栋1601,321.00,4
SO100348,2026-06-28 19:29:00,抖音,示例数码专营店,山东省青岛市市南区示例路7号（示例门卫室）,160.00,3
SO100349,2026-07-05 08:36:00,京东,示例数码旗舰店,广东省深圳市福田区华强北街道示例路1号示例大厦,241.00,1
SO100350,2026-08-10 09:43:00,天猫,示例手机专营店,北京市朝阳区望京街道示例大街6号院,279.00,2
SO100351,2026-09-15 10:50:00,拼多多,示例自营店,广东省深圳市福田区华强北街道示例路1号示例大厦,310.00,4
SO100352,2026-01-20 11:57:00,淘宝网,示例数码专营店,上海市浦东新区张江镇示例路88号示例科技园,190.00,1
SO100353,2026-02-25 12:04:00,抖音,示例数码旗舰店,广东省广州市天河区示例街道示例路12号示例广场,430.00,3
SO100354,2026-03-02 13:11:00,拼多多,示例手机专营店,浙江省杭州市西湖区示例路50号示例大厦2单元1801,359.00,2
SO100355,2026-04-07 14:18:00,京东,示例自营店,江苏省南京市玄武区示例路4号（示例电视台）,516.00,1
SO100356,2026-05-12 15:25:00,天猫,示例数码专营店,四川省成都市武侯区示例街99号示例中心A座,273.00,5
SO100357,2026-06-17 16:32:00,淘宝网,示例数码旗舰店,湖北省武汉市汉阳区示例路126号，放到门口，示例文体附近,205.00,2
SO100358,2026-07-22 17:39:00,京东,示例手机专营店,陕西省西安市雁塔区示例大道1号示例广场,645.00,1
SO100359,2026-08-27 18:46:00,拼多多,示例自营店,福建省福州市鼓楼区示例街18号示例小区3栋1601,319.00,4
SO100360,2026-09-04 19:53:00,抖音,示例数码专营店,山东省青岛市市南区示例路7号（示例门卫室）,158.00,3
SO100361,2026-01-09 08:00:00,京东,示例数码旗舰店,广东省深圳市福田区华强北街道示例路1号示例大厦,239.00,1
SO100362,2026-02-14 09:07:00,天猫,示例手机专营店,北京市朝阳区望京街道示例大街6号院,277.00,2
SO100363,2026-03-19 10:14:00,拼多多,示例自营店,广东省深圳市福田区华强北街道示例路1号示例大厦,315.00,4
SO100364,2026-04-24 11:21:00,淘宝网,示例数码专营店,上海市浦东新区张江镇示例路88号示例科技园,195.00,1
SO100365,2026-05-01 12:28:00,抖音,示例数码旗舰店,广东省广州市天河区示例街道示例路12号示例广场,428.00,3
SO100366,2026-06-06 13:35:00,拼多多,示例手机专营店,浙江省杭州市西湖区示例路50号示例大厦2单元1801,357.00,2
SO100367,2026-07-11 14:42:00,京东,示例自营店,江苏省南京市玄武区示例路4号（示例电视台）,514.00,1
SO100368,2026-08-16 15:49:00,天猫,示例数码专营店,四川省成都市武侯区示例街99号示例中心A座,271.00,5
SO100369,2026-09-21 16:56:00,淘宝网,示例数码旗舰店,湖北省武汉市汉阳区示例路126号，放到门口，示例文体附近,203.00,2
SO100370,2026-01-26 17:03:00,京东,示例手机专营店,陕西省西安市雁塔区示例大道1号示例广场,650.00,1
SO100371,2026-02-03 18:10:00,拼多多,示例自营店,福建省福州市鼓楼区示例街18号示例小区3栋1601,324.00,4
SO100372,2026-03-08 19:17:00,抖音,示例数码专营店,山东省青岛市市南区示例路7号（示例门卫室）,156.00,3
SO100373,2026-04-13 08:24:00,京东,示例数码旗舰店,广东省深圳市福田区华强北街道示例路1号示例大厦,237.00,1
SO100374,2026-05-18 09:31:00,天猫,示例手机专营店,北京市朝阳区望京街道示例大街6号院,275.00,2
SO100375,2026-06-23 10:38:00,拼多多,示例自营店,广东省深圳市福田区华强北街道示例路1号示例大厦,313.00,4
SO100376,2026-07-28 11:45:00,淘宝网,示例数码专营店,上海市浦东新区张江镇示例路88号示例科技园,193.00,1
SO100377,2026-08-05 12:52:00,抖音,示例数码旗舰店,广东省广州市天河区示例街道示例路12号示例广场,433.00,3
SO100378,2026-09-10 13:59:00,拼多多,示例手机专营店,浙江省杭州市西湖区示例路50号示例大厦2单元1801,362.00,2
SO100379,2026-01-15 14:06:00,京东,示例自营店,江苏省南京市玄武区示例路4号（示例电视台）,512.00,1
SO100380,2026-02-20 15:13:00,天猫,示例数码专营店,四川省成都市武侯区示例街99号示例中心A座,269.00,5
SO100381,2026-03-25 16:20:00,淘宝网,示例数码旗舰店,湖北省武汉市汉阳区示例路126号，放到门口，示例文体附近,201.00,2
SO100382,2026-04-02 17:27:00,京东,示例手机专营店,陕西省西安市雁塔区示例大道1号示例广场,648.00,1
SO100383,2026-05-07 18:34:00,拼多多,示例自营店,福建省福州市鼓楼区示例街18号示例小区3栋1601,322.00,4
SO100384,2026-06-12 19:41:00,抖音,示例数码专营店,山东省青岛市市南区示例路7号（示例门卫室）,161.00,3
SO100385,2026-07-17 08:48:00,京东,示例数码旗舰店,广东省深圳市福田区华强北街道示例路1号示例大厦,242.00,1
SO100386,2026-08-22 09:55:00,天猫,示例手机专营店,北京市朝阳区望京街道示例大街6号院,273.00,2
SO100387,2026-09-27 10:02:00,拼多多,示例自营店,广东省深圳市福田区华强北街道示例路1号示例大厦,311.00,4
SO100388,2026-01-04 11:09:00,淘宝网,示例数码专营店,上海市浦东新区张江镇示例路88号示例科技园,191.00,1
SO100389,2026-02-09 12:16:00,抖音,示例数码旗舰店,广东省广州市天河区示例街道示例路12号示例广场,431.00,3
SO100390,2026-03-14 13:23:00,拼多多,示例手机专营店,浙江省杭州市西湖区示例路50号示例大厦2单元1801,360.00,2
SO100391,2026-04-19 14:30:00,京东,示例自营店,江苏省南京市玄武区示例路4号（示例电视台）,517.00,1
SO100392,2026-05-24 15:37:00,天猫,示例数码专营店,四川省成都市武侯区示例街99号示例中心A座,274.00,5
SO100393,2026-06-01 16:44:00,淘宝网,示例数码旗舰店,湖北省武汉市汉阳区示例路126号，放到门口，示例文体附近,199.00,2
SO100394,2026-07-06 17:51:00,京东,示例手机专营店,陕西省西安市雁塔区示例大道1号示例广场,646.00,1
SO100395,2026-08-11 18:58:00,拼多多,示例自营店,福建省福州市鼓楼区示例街18号示例小区3栋1601,320.00,4
SO100396,2026-09-16 19:05:00,抖音,示例数码专营店,山东省青岛市市南区示例路7号（示例门卫室）,159.00,3
SO100397,2026-01-21 08:12:00,京东,示例数码旗舰店,广东省深圳市福田区华强北街道示例路1号示例大厦,240.00,1
SO100398,2026-02-26 09:19:00,天猫,示例手机专营店,北京市朝阳区望京街道示例大街6号院,278.00,2
SO100399,2026-03-03 10:26:00,拼多多,示例自营店,广东省深圳市福田区华强北街道示例路1号示例大厦,316.00,4
SO100400,2026-04-08 11:33:00,淘宝网,示例数码专营店,上海市浦东新区张江镇示例路88号示例科技园,189.00,1
SO100401,2026-05-13 12:40:00,抖音,示例数码旗舰店,广东省广州市天河区示例街道示例路12号示例广场,429.00,3
SO100402,2026-06-18 13:47:00,拼多多,示例手机专营店,浙江省杭州市西湖区示例路50号示例大厦2单元1801,358.00,2
SO100403,2026-07-23 14:54:00,京东,示例自营店,江苏省南京市玄武区示例路4号（示例电视台）,515.00,1
SO100404,2026-08-28 15:01:00,天猫,示例数码专营店,四川省成都市武侯区示例街99号示例中心A座,272.00,5
SO100405,2026-09-05 16:08:00,淘宝网,示例数码旗舰店,湖北省武汉市汉阳区示例路126号，放到门口，示例文体附近,204.00,2
SO100406,2026-01-10 17:15:00,京东,示例手机专营店,陕西省西安市雁塔区示例大道1号示例广场,651.00,1
SO100407,2026-02-15 18:22:00,拼多多,示例自营店,福建省福州市鼓楼区示例街18号示例小区3栋1601,318.00,4
SO100408,2026-03-20 19:29:00,抖音,示例数码专营店,山东省青岛市市南区示例路7号（示例门卫室）,157.00,3
SO100409,2026-04-25 08:36:00,京东,示例数码旗舰店,广东省深圳市福田区华强北街道示例路1号示例大厦,238.00,1
SO100410,2026-05-02 09:43:00,天猫,示例手机专营店,北京市朝阳区望京街道示例大街6号院,276.00,2
SO100411,2026-06-07 10:50:00,拼多多,示例自营店,广东省深圳市福田区华强北街道示例路1号示例大厦,314.00,4
SO100412,2026-07-12 11:57:00,淘宝网,示例数码专营店,上海市浦东新区张江镇示例路88号示例科技园,194.00,1
SO100413,2026-08-17 12:04:00,抖音,示例数码旗舰店,广东省广州市天河区示例街道示例路12号示例广场,434.00,3
SO100414,2026-09-22 13:11:00,拼多多,示例手机专营店,浙江省杭州市西湖区示例路50号示例大厦2单元1801,356.00,2
SO100415,2026-01-27 14:18:00,京东,示例自营店,江苏省南京市玄武区示例路4号（示例电视台）,513.00,1
SO100416,2026-02-04 15:25:00,天猫,示例数码专营店,四川省成都市武侯区示例街99号示例中心A座,270.00,5
SO100417,2026-03-09 16:32:00,淘宝网,示例数码旗舰店,湖北省武汉市汉阳区示例路126号，放到门口，示例文体附近,202.00,2
SO100418,2026-04-14 17:39:00,京东,示例手机专营店,陕西省西安市雁塔区示例大道1号示例广场,649.00,1
SO100419,2026-05-19 18:46:00,拼多多,示例自营店,福建省福州市鼓楼区示例街18号示例小区3栋1601,323.00,4
SO100420,2026-06-24 19:53:00,抖音,示例数码专营店,山东省青岛市市南区示例路7号（示例门卫室）,162.00,3
SO100421,2026-07-01 08:00:00,京东,示例数码旗舰店,广东省深圳市福田区华强北街道示例路1号示例大厦,236.00,1
SO100422,2026-08-06 09:07:00,天猫,示例手机专营店,北京市朝阳区望京街道示例大街6号院,274.00,2
SO100423,2026-09-11 10:14:00,拼多多,示例自营店,广东省深圳市福田区华强北街道示例路1号示例大厦,312.00,4
SO100424,2026-01-16 11:21:00,淘宝网,示例数码专营店,上海市浦东新区张江镇示例路88号示例科技园,192.00,1
SO100425,2026-02-21 12:28:00,抖音,示例数码旗舰店,广东省广州市天河区示例街道示例路12号示例广场,432.00,3
SO100426,2026-03-26 13:35:00,拼多多,示例手机专营店,浙江省杭州市西湖区示例路50号示例大厦2单元1801,361.00,2
SO100427,2026-04-03 14:42:00,京东,示例自营店,江苏省南京市玄武区示例路4号（示例电视台）,518.00,1
SO100428,2026-05-08 15:49:00,天猫,示例数码专营店,四川省成都市武侯区示例街99号示例中心A座,268.00,5
SO100429,2026-06-13 16:56:00,淘宝网,示例数码旗舰店,湖北省武汉市汉阳区示例路126号，放到门口，示例文体附近,200.00,2
SO100430,2026-07-18 17:03:00,京东,示例手机专营店,陕西省西安市雁塔区示例大道1号示例广场,647.00,1
SO100431,2026-08-23 18:10:00,拼多多,示例自营店,福建省福州市鼓楼区示例街18号示例小区3栋1601,321.00,4
SO100432,2026-09-28 19:17:00,抖音,示例数码专营店,山东省青岛市市南区示例路7号（示例门卫室）,160.00,3
SO100433,2026-01-05 08:24:00,京东,示例数码旗舰店,广东省深圳市福田区华强北街道示例路1号示例大厦,241.00,1
SO100434,2026-02-10 09:31:00,天猫,示例手机专营店,北京市朝阳区望京街道示例大街6号院,279.00,2
SO100435,2026-03-15 10:38:00,拼多多,示例自营店,广东省深圳市福田区华强北街道示例路1号示例大厦,310.00,4
SO100436,2026-04-20 11:45:00,淘宝网,示例数码专营店,上海市浦东新区张江镇示例路88号示例科技园,190.00,1
SO100437,2026-05-25 12:52:00,抖音,示例数码旗舰店,广东省广州市天河区示例街道示例路12号示例广场,430.00,3
SO100438,2026-06-02 13:59:00,拼多多,示例手机专营店,浙江省杭州市西湖区示例路50号示例大厦2单元1801,359.00,2
SO100439,2026-07-07 14:06:00,京东,示例自营店,江苏省南京市玄武区示例路4号（示例电视台）,516.00,1
SO100440,2026-08-12 15:13:00,天猫,示例数码专营店,四川省成都市武侯区示例街99号示例中心A座,273.00,5
SO100441,2026-09-03 10:15:00,拼多多,示例数码旗舰店,陕西省西安市莲湖区示例路12号示例家园3栋,415.00,2
SO100442,2026-09-18 16:42:00,天猫,示例手机专营店,广东省广州市天河区示例街道示例路8号示例广场B座,642.00,5
SO100443,2026-09-25 11:08:00,京东,示例自营店,上海市上海市黄浦区示例街道示例路51号（示例门卫室）,287.00,1
