id,shop_name,province,city,platform,phone,create_time
1001,示例-示例店,440000,440300,拼多多,19593403028,2026-07-12 10:11:00
1002,示例-示例店,440000,440300,拼多多,19593403028,2026-09-02 15:20:00
1003,示例-示例店,440000,440300,拼多多,13800138000,2026-09-03 09:05:00
1004,示例-示例数码,440000,440300,淘宝网,13800138000,2026-08-21 20:31:00
1005,示例-示例数码,440000,440300,淘宝网,13712345678,2026-09-11 11:00:00
1006,示例-示例店,440000,440100,拼多多,13611112222,2026-09-05 13:45:00
1007,示例-示例店,440000,440100,拼多多,13611112222,2026-09-19 16:10:00
1008,示例-示例专营店,440000,440600,抖音,13522223333,2026-06-30 08:12:00
1009,示例-示例店,440000,441900,拼多多,***,2026-09-08 19:20:00
1010,示例-示例店,440000,441900,拼多多,***,2026-09-09 10:00:00
1011,示例-示例店,310000,310100,拼多多,13933334444,2026-09-01 09:30:00
1012,示例-示例店,310000,310100,拼多多,13933334444,2026-09-21 18:02:00
1013,示例-示例数码,310000,310100,淘宝网,13944445555,2026-07-15 12:00:00
1014,示例-示例专营店,320000,320100,京东商城,13855556666,2026-09-04 14:40:00
1015,示例-示例专营店,320000,320500,京东商城,13766667777,2026-09-06 10:15:00
1016,示例-示例店,330000,330100,拼多多,13677778888,2026-09-07 11:11:00
1017,示例-示例店,330000,330100,拼多多,13677778888,2026-09-17 12:12:00
1018,示例-示例专营店,330000,330200,抖音,13588889999,2026-08-08 08:08:00
1019,示例-示例数码,110000,110100,淘宝网,13499990000,2026-09-10 20:00:00
1020,示例-示例数码,110000,110100,淘宝网,13499990000,2026-09-24 21:30:00
1021,示例-示例旗舰店,110000,110100,天猫自营,13311112222,2026-05-20 09:00:00
1022,示例-示例店,420000,420100,拼多多,13222223333,2026-09-12 16:30:00
1023,示例-示例店,420000,420100,拼多多,13222223333,2026-09-25 17:45:00
1024,示例-示例店,420000,420600,快手,***,2026-09-13 09:25:00
1025,示例-示例店,430000,430100,拼多多,13133334444,2026-08-30 10:10:00
1026,示例-示例店,430000,430100,拼多多,13133334444,2026-09-14 11:20:00
1027,示例-示例店,510000,510100,拼多多,13044445555,2026-09-15 13:00:00
1028,示例-示例专营店,510000,510100,抖音,13055556666,2026-09-16 14:00:00
1029,示例-示例数码,610000,610100,淘宝网,13066667777,2026-09-18 15:00:00
1030,示例-示例数码,610000,610100,淘宝网,13066667777,2026-09-26 16:00:00
1031,示例-示例店,370000,370100,拼多多,13077778888,2026-09-20 17:00:00
1032,示例-示例专营店,370000,370200,京东商城,13088889999,2026-08-15 18:00:00
1033,示例-示例旗舰店,350000,350100,天猫自营,13099990000,2026-07-05 19:00:00
1034,示例-示例店,350000,350200,拼多多,13100001111,2026-09-22 20:00:00
1035,示例-示例店,440000,440300,拼多多,13100001111,2026-09-23 21:00:00
1036,示例-示例数码,330000,330100,淘宝网,13111112222,2026-09-24 22:00:00
1037,示例-示例店,320000,320100,拼多多,13122223333,2026-09-25 23:00:00
1038,示例-示例专营店,420000,420100,抖音,13133334444,2026-09-26 08:30:00
1039,示例-示例店,510000,510100,拼多多,13144445555,2026-09-27 09:30:00
1040,示例-示例店,110000,110100,拼多多,13155556666,2026-09-28 10:30:00
